Actual,Predicted
0.0858217237544098,-0.21939644054469934
0.5337678830391324,0.1297439664000432
0.2088844164131802,0.2860106354376526
-0.2571121118829104,0.5259065438413791
0.5595636491351448,0.07789200359066226
1.3437837342634666,0.33204800261083717
0.03662664811352,-0.3602517755344281
0.4276303606378557,-0.23742959984362114
0.3943529605157783,0.025349702915714423
0.5657181718148465,1.2330606160996742
0.1094557245295051,0.3803147799954568
0.0823571081005454,0.6580977567143905
