Actual,Predicted
0.0858217237544098,0.17799356674701378
0.5337678830391324,0.18673057967479753
0.2088844164131802,0.21332741526161478
-0.2571121118829104,0.18673057967479753
0.5595636491351448,0.19919025296121923
1.3437837342634666,0.3519476664434175
0.03662664811352,-0.05620789560276988
0.4276303606378557,0.23780740531435138
0.3943529605157783,0.2643365412303064
0.5657181718148465,0.22491858504612075
0.1094557245295051,0.250199378929911
0.0823571081005454,0.32676172016045496
