Actual,Predicted
0.0858217237544098,0.18852892093967782
0.5337678830391324,0.18852892093967782
0.2088844164131802,0.18852892093967782
-0.2571121118829104,0.18852892093967782
0.5595636491351448,0.18852892093967782
1.3437837342634666,0.18852892093967782
0.03662664811352,0.17876178636411763
0.4276303606378557,0.18852892093967782
0.3943529605157783,0.18852892093967782
0.5657181718148465,0.18852892093967782
0.1094557245295051,0.18852892093967782
0.0823571081005454,0.18852892093967782
